title,price,rating,link
A Light in the ...,Â£51.77,Three,catalogue/a-light-in-the-attic_1000/index.html
Tipping the Velvet,Â£53.74,One,catalogue/tipping-the-velvet_999/index.html
Soumission,Â£50.10,One,catalogue/soumission_998/index.html
Sharp Objects,Â£47.82,Four,catalogue/sharp-objects_997/index.html
Sapiens: A Brief History ...,Â£54.23,Five,catalogue/sapiens-a-brief-history-of-humankind_996/index.html
The Requiem Red,Â£22.65,One,catalogue/the-requiem-red_995/index.html
The Dirty Little Secrets ...,Â£33.34,Four,catalogue/the-dirty-little-secrets-of-getting-your-dream-job_994/index.html
The Coming Woman: A ...,Â£17.93,Three,catalogue/the-coming-woman-a-novel-based-on-the-life-of-the-infamous-feminist-victoria-woodhull_993/index.html
The Boys in the ...,Â£22.60,Four,catalogue/the-boys-in-the-boat-nine-americans-and-their-epic-quest-for-gold-at-the-1936-berlin-olympics_992/index.html
The Black Maria,Â£52.15,One,catalogue/the-black-maria_991/index.html
Starving Hearts (Triangular Trade ...,Â£13.99,Two,catalogue/starving-hearts-triangular-trade-trilogy-1_990/index.html
Shakespeare's Sonnets,Â£20.66,Four,catalogue/shakespeares-sonnets_989/index.html
Set Me Free,Â£17.46,Five,catalogue/set-me-free_988/index.html
Scott Pilgrim's Precious Little ...,Â£52.29,Five,catalogue/scott-pilgrims-precious-little-life-scott-pilgrim-1_987/index.html
Rip it Up and ...,Â£35.02,Five,catalogue/rip-it-up-and-start-again_986/index.html
Our Band Could Be ...,Â£57.25,Three,catalogue/our-band-could-be-your-life-scenes-from-the-american-indie-underground-1981-1991_985/index.html
Olio,Â£23.88,One,catalogue/olio_984/index.html
Mesaerion: The Best Science ...,Â£37.59,One,catalogue/mesaerion-the-best-science-fiction-stories-1800-1849_983/index.html
Libertarianism for Beginners,Â£51.33,Two,catalogue/libertarianism-for-beginners_982/index.html
It's Only the Himalayas,Â£45.17,Two,catalogue/its-only-the-himalayas_981/index.html
In Her Wake,Â£12.84,One,in-her-wake_980/index.html
How Music Works,Â£37.32,Two,how-music-works_979/index.html
Foolproof Preserving: A Guide ...,Â£30.52,Three,foolproof-preserving-a-guide-to-small-batch-jams-jellies-pickles-condiments-and-more-a-foolproof-guide-to-making-small-batch-jams-jellies-pickles-condiments-and-more_978/index.html
Chase Me (Paris Nights ...,Â£25.27,Five,chase-me-paris-nights-2_977/index.html
Black Dust,Â£34.53,Five,black-dust_976/index.html
Birdsong: A Story in ...,Â£54.64,Three,birdsong-a-story-in-pictures_975/index.html
America's Cradle of Quarterbacks: ...,Â£22.50,Three,americas-cradle-of-quarterbacks-western-pennsylvanias-football-factory-from-johnny-unitas-to-joe-montana_974/index.html
Aladdin and His Wonderful ...,Â£53.13,Three,aladdin-and-his-wonderful-lamp_973/index.html
Worlds Elsewhere: Journeys Around ...,Â£40.30,Five,worlds-elsewhere-journeys-around-shakespeares-globe_972/index.html
Wall and Piece,Â£44.18,Four,wall-and-piece_971/index.html
The Four Agreements: A ...,Â£17.66,Five,the-four-agreements-a-practical-guide-to-personal-freedom_970/index.html
The Five Love Languages: ...,Â£31.05,Three,the-five-love-languages-how-to-express-heartfelt-commitment-to-your-mate_969/index.html
The Elephant Tree,Â£23.82,Five,the-elephant-tree_968/index.html
The Bear and the ...,Â£36.89,One,the-bear-and-the-piano_967/index.html
Sophie's World,Â£15.94,Five,sophies-world_966/index.html
Penny Maybe,Â£33.29,Three,penny-maybe_965/index.html
Maude (1883-1993):She Grew Up ...,Â£18.02,Two,maude-1883-1993she-grew-up-with-the-country_964/index.html
"In a Dark, Dark ...",Â£19.63,One,in-a-dark-dark-wood_963/index.html
Behind Closed Doors,Â£52.22,Four,behind-closed-doors_962/index.html
You can't bury them ...,Â£33.63,Two,you-cant-bury-them-all-poems_961/index.html
Slow States of Collapse: ...,Â£57.31,Three,slow-states-of-collapse-poems_960/index.html
Reasons to Stay Alive,Â£26.41,Two,reasons-to-stay-alive_959/index.html
Private Paris (Private #10),Â£47.61,Five,private-paris-private-10_958/index.html
#HigherSelfie: Wake Up Your ...,Â£23.11,Five,higherselfie-wake-up-your-life-free-your-soul-find-your-tribe_957/index.html
Without Borders (Wanderlove #1),Â£45.07,Two,without-borders-wanderlove-1_956/index.html
When We Collided,Â£31.77,One,when-we-collided_955/index.html
"We Love You, Charlie ...",Â£50.27,Five,we-love-you-charlie-freeman_954/index.html
Untitled Collection: Sabbath Poems ...,Â£14.27,Four,untitled-collection-sabbath-poems-2014_953/index.html
Unseen City: The Majesty ...,Â£44.18,Four,unseen-city-the-majesty-of-pigeons-the-discreet-charm-of-snails-other-wonders-of-the-urban-wilderness_952/index.html
Unicorn Tracks,Â£18.78,Three,unicorn-tracks_951/index.html
Unbound: How Eight Technologies ...,Â£25.52,One,unbound-how-eight-technologies-made-us-human-transformed-society-and-brought-our-world-to-the-brink_950/index.html
Tsubasa: WoRLD CHRoNiCLE 2 ...,Â£16.28,One,tsubasa-world-chronicle-2-tsubasa-world-chronicle-2_949/index.html
Throwing Rocks at the ...,Â£31.12,Three,throwing-rocks-at-the-google-bus-how-growth-became-the-enemy-of-prosperity_948/index.html
This One Summer,Â£19.49,Four,this-one-summer_947/index.html
Thirst,Â£17.27,Five,thirst_946/index.html
The Torch Is Passed: ...,Â£19.09,One,the-torch-is-passed-a-harding-family-story_945/index.html
The Secret of Dreadwillow ...,Â£56.13,One,the-secret-of-dreadwillow-carse_944/index.html
The Pioneer Woman Cooks: ...,Â£56.41,One,the-pioneer-woman-cooks-dinnertime-comfort-classics-freezer-food-16-minute-meals-and-other-delicious-ways-to-solve-supper_943/index.html
The Past Never Ends,Â£56.50,Four,the-past-never-ends_942/index.html
The Natural History of ...,Â£45.22,Three,the-natural-history-of-us-the-fine-art-of-pretending-2_941/index.html
